id,label,coverage,carrier_code,carrier_id,self_pay,aliases
aetna-medicare-medical,Aetna Medicare HMO & PPO,medical,ICA01,car40907,,Aetna Medicare HMO & PPO (Medical) | Aetna Medicare | Aetna Medicare HMO | Aetna Medicare PPO | Aetna Medicare PPO Medical | Aetna Medicare Signature PPO
aetna-commercial-medical,Aetna Commercial HMO & PPO,medical,AET07,car40887,,"Aetna (Commercial, HMO & PPO) (Medical) | Aetna Commercial | Aetna Commercial HMO | Aetna Commercial PPO | Aetna Employer Plan | Aetna HMO | Aetna PPO | Aetna Managed Choice"
aetna-qhp-individual-exchange,Aetna QHP Individual Exchange,medical,AET07,car40887,,Aetna QHP
aetna-epo-university-of-miami,Aetna EPO University of Miami,medical,AET07,car40887,,
aetna-epo-north-broward,Aetna EPO North Broward Hospital,medical,AET07,car40887,,Aetna EPO North Broward
aetna-better-health-medicaid-medical,Aetna Better Health Medicaid MMA,medical,ICA01,car40907,,Aetna Better Health Medicaid MMA (Medical) | Aetna Better Health | Aetna Better Health of Florida | Aetna Better Health Medicaid | Aetna Medicaid
aetna-healthy-kids-medical,Aetna Healthy Kids/Kid Care (CHIP),medical,ICA01,car40907,,Aetna Healthy Kids/Kid Care (CHIP) (Medical) | Aetna Healthy Kids | Aetna Healthy Kids Kid Care | Aetna Kid Care
ambetter-medical,Ambetter Medical,medical,AMBE1,car281245,,Ambetter Health Medical | Ambetter from Sunshine Health Medical
ambetter-select-medical,Ambetter Select,medical,AMBE1,car281245,,Ambetter Select (Medical) | Ambetter Health Select | Ambetter from Sunshine Health Select
ambetter-value-medical,Ambetter Value,medical,AMBE1,car281245,,Ambetter Value (Medical) | Ambetter Health Value | Ambetter from Sunshine Health Value
ambetter-premier-medical,Ambetter Premier,medical,AMBE1,car281245,,
avmed-select,AvMed Select,medical,AVM01,car40890,,AvMed Broad Network | AvMed Tier B | AvMed Jackson Health Select | AvMed JH Select | AvMed ESO | AvMed Select SG | AvMed Small Group | AvMed MDC Select | AvMed Miami Dade County Select | AvMed Baptist Health South Network | AvMed BH South Network | AvMed Empower | Av Med Select
avmed-jackson-first-network-hmo,AvMed Jackson First Network HMO,medical,AVM01,car40890,,AvMed Jackson First Network
avmed-engage,AvMed Engage,medical,AVM01,car40890,,Av Med Engage
avmed-entrust-medical,AvMed Entrust,medical,,,,AvMed Entrust (Medical) | Av Med Entrust
careplus-medicare-medical,CarePlus Medicare,medical,PREM1,car281317,,CarePlus (Medicare) Medical | CarePlus | Care Plus | Care Plus Medicare | Humana Care Plus | Humana CarePlus
childrens-medical-services-medical,Children's Medical Services,medical,AMBE1,car281245,,Children's Medical Services (Medical) | Children's Medical
cigna-hmo,Cigna HMO,medical,CIGN1,car301345,,
cigna-florida-connect-epo,Cigna Florida Connect EPO,medical,,,,Cigna Florida Connect EPO (Exclusive Provider Organization) | Cigna Florida Connect
cigna-local-plus-non-par,Cigna Local Plus,medical,,,,
cigna-sure-fit,Cigna Sure Fit,medical,,,,Cigna SureFit
cigna-medicare-advantage-medical,Cigna Medicare Advantage (Healthspring),medical,CIGN4,car302890,,Cigna Medicare Advantage (Medical) HMO & PPO effec 1/1/2023 Healthspring | Cigna Medicare Advantage (Medical) HMO & PPO | Cigna Medicare Advantage | Cigna Medicare Advantage HMO | Cigna Medicare Advantage PPO | Cigna Healthspring | Healthspring | Cigna Medicare
cigna-open-access,Cigna Open Access,medical,CIG09,car40895,,
cigna-miami-dade-public-schools,Cigna Miami-Dade Public Schools,medical,CIG09,car40895,,Cigna Miami Dade | Miami Dade Public Schools
cigna-ppo,Cigna PPO,medical,CIG09,car40895,,
clear-spring-health-medicare-advantage,Clear Spring Health Medicare Advantage,medical,,,,Clear Spring Health | Clear Spring
community-care-plan-medical,Community Care Plan,medical,ICA01,car40907,,Community Care Plan Medical
eye-america-aao,Eye America AAO,medical,EYEC1,car308627,,Eye America AAO (American Academy of Ophthalmology) | Eye America | EyeCare America | American Academy of Ophthalmology
devoted-medicare-hmo-medical,Devoted Medicare HMO,medical,PREM1,car281317,,Devoted Medicare HMO (Medical) | Devoted | Devoted Health
devoted-medicare-ppo-medical,Devoted Medicare PPO,medical,PREM1,car281317,,Devoted Medicare PPO (Medical)
doctors-health-medicare-medical,Doctors Health Medicare,medical,ICA01,car40907,,Doctors Health Medicare (Medical) EFFECTIVE 5/1/2026 | Doctors Health | Miami Dade Doctors Health | Miami Dade Ddoctors Health | Miami Dade Doctors Healthcare | Doctors Healthcare | Doctors HealthCare Plans
florida-blue-hmo,Florida Blue HMO,medical,FLOR1,car280750,,BCBS HMO | Blue Cross Blue Shield HMO | Blue Cross HMO | FL Blue HMO
florida-blue-medicare-ppo-medical,Florida Blue Medicare PPO,medical,FLO01,car40897,,Florida Blue Medicare PPO (Medical) | Florida Blue Medicare Advantage PPO | BCBS Medicare PPO | Blue Cross Medicare PPO | Blue Cross Blue Shield Medicare PPO
florida-blue-medicare-hmo-medical,Florida Blue Medicare HMO,medical,FLO01,car40897,,Florida Blue Medicare Advantage HMO | BCBS Medicare HMO | Blue Cross Medicare HMO | Blue Cross Blue Shield Medicare HMO
florida-blue-ppo-out-of-state,Florida Blue PPO Out of State,medical,FLO01,car40897,,BCBS out of state | Blue Cross Blue Shield out of state | Blue Cross out of state | BCBS PPO | Blue Cross Blue Shield PPO | Blue Cross PPO | FL Blue PPO | Florida Blue PPO
florida-blue-ppo-federal-employee,Florida Blue PPO Federal Employee,medical,FLO01,car40897,,Florida Blue PPO (Federal Employee ID starts with R) | Florida Blue Federal Employee Program | Blue Cross Blue Shield Federal Employee Program | BCBS Federal Employee Program | FEP Blue
florida-blue-select-non-par,Florida BlueSelect,medical,,,,Florida Blue Select | Blue Select | Fl Blue Select | Florida Blue BlueSelect | BlueSelect
florida-blue-steward-tier-1,Florida Blue Steward Healthcare Network Tier 1,medical,FLO01,car40897,,Florida Blue Steward | Fl Blue Steward | Florida Blue Steward Tier 1 | Steward Healthcare Network
florida-complete-care-medicare,Florida Complete Care,medical,ICA01,car40907,,Florida Complete Care - Medicare Medical ONLY | Florida Complete Care Medicare
florida-community-care,Florida Community Care,medical,ICA01,car40907,,Florida Community Care (ILF Medicaid
freedom-health-medicare-medical,Freedom Health Medicare,medical,ICA01,car40907,,Freedom Health Medicare (Medical) | Freedom Health | Freedom
humana-medicaid-hmo,Humana Medicaid HMO,medical,HUM02,car303033,,Humana Medicaid | HUM02 | Humana Healthy Horizons
humana-medicare-ppo,Humana Medicare PPO,medical,HUM PPO,car303062,,
humana-medicare-hmo,Humana Medicare HMO,medical,ICA01,car40907,,Humana Gold | Humana Gold Plus | Humana Gold Plus HMO
humana-premier-hmo,Humana Premier HMO,medical,HUMPHMO,car303061,,Humana Premier HMO (Access) | Humana Premier
humana-ppo-pos,Humana PPO/POS,medical,HUM PPO,car303062,,Humana PPO | Humana POS
imagine-health,Imagine Health,medical,IMAG1,car308142,,Imagine
medical-center-international,Medical Center International (SouthBay Medical Center),medical,,,,Medical Center International (SouthBay Medical Center) Only Medical | Medical Center International | SouthBay Medical Center | South Bay Medical Center
florida-medicaid,Florida Medicaid,medical,FLO03,car40899,,Medicaid (straight Medicaid) | Straight Medicaid | Straight Florida Medicaid
medicare-part-b,Medicare Part B,medical,FLO02,car40900,,Medicare | Florida Medicare | Standard Medicare | Original Medicare | Traditional Medicare | Medicare Health Insurance | Medicare Supplement | Medicare Supplemental | Medigap | Medicare Red White and Blue | Red White and Blue Medicare
icare-medical,iCare,medical,ICA01,car40907,,
meritain-health,Meritain Health,medical,MERI1,car301578,,Meritain | Meritain Health - Aetna
miami-childrens-health-plan-medical,Miami Children's Health Plan (Medicaid),medical,ICA01,car40907,,Miami Children's Health Plan (Medicaid) Medical | Miami Children's Health Plan | Miami Children's | Miami Children
molina-marketplace-non-par,Molina Marketplace,medical,,,,Molina Market Place (Medical) | Molina Market Place
molina-medicaid-medical,Molina Medicaid,medical,ICA01,car40907,,Molina Medicaid (Medical) | Molina Healthcare Medicaid
molina-medicare-medical,Molina Medicare,medical,MOLI2,car301507,,Molina Medicare (Medical) | Molina Healthcare Medicare
multiplan-phcs,Multiplan PHCS,medical,,car301648,,Multiplan | PHCS
optimum-healthplan-medicare-medical,Optimum Healthplan Medicare,medical,ICA01,car40907,,Optimum Healthplan Medicare (Medical) | Optimum | Optimum Healthcare | Optimum Healthplan | Optimum Medicare | Optimum Medicare Advantage
oscar-health-medical,Oscar Health,medical,OSCA1,car284233,,Oscar Health Plans (Medical) | Oscar Health Plans | Oscar
partners-direct-health,Partners Direct Health,medical,IMAG1,car308142,,Partners Direct Health (Medical) Imagine Health | Partners Direct
preferred-care-partners-medical,Preferred Care Partners,medical,PRE04,car40916,,Preferred Care Network / Preferred Care Partners (Medical) | Preferred Care Network | Preferred Care | PRE04 | Preferred Care Partners Medical | Preferred Care Network Preferred Care Partners
seminole-tribe-medical,Seminole Tribe of Florida,medical,SEMI1,car301427,,Seminole Tribe of Florida Self-Funded Health Plan | Seminole Tribe
simply-medicaid-medical,Simply Medicaid/Healthy Kids,medical,ICA01,car40907,,Simply Medicaid/Healthy Kids (Medical) | Simply Medicaid | Simply Healthy Kids | Simply Healthcare Medicaid | Simply Medcaid | Simply Healthcare | Simply Health | Simply Health Plans | Simply
simply-medicare-medical,Simply Medicare,medical,ICA01,car40907,,Simply Medicare (Medical)
solis-medicare-medical,Solis Medicare,medical,PREM1,car281317,,Solis Medicare (Medical) | Solis
staywell-medicare-medical,Staywell Medicare,medical,AMBE1,car281245,,Staywell Medicare (Medical) | Staywell
sunhealth-discount-plan,SunHealth Discount Plan,medical,SUNHEALT,car308086,,SunHealth | Sun Health
sunshine-medicaid-medical,Sunshine Medicaid,medical,AMBE1,car281245,,Sunshine Medicaid (Medical) | Sunshine | Sunshine Health
tricare-prime,Tricare Prime,medical,TRI00,car284327,,Tricare Humana Military (Prime)
tricare-select,Tricare Select,medical,TRI00,car284327,,Tricare Humana Military (Select)
tricare-for-life,Tricare For Life,medical,TRI05,car40921,,Tricare for Life - Supplemental Insurance to Medicare | Tricare Forever
umr,UMR,medical,UNIT3,car284838,,UMR (United Health One) | United Health One
united-healthcare-medical,United Healthcare Medical,medical,UNI20,car40923,,
united-healthcare-medicaid-non-par,United Healthcare Medicaid,medical,,,,UHC Medicaid | United Healthcare Community Plan | UnitedHealthcare Community Plan | UHC Community Plan
us-health-group,US Health Group,medical,UNIT3,car284838,,US Health Group - A UnitedHealthcare Company | Ushealth | Ushealth Group
united-healthcare-aarp-medicare,United Healthcare AARP Medicare Complete,medical,AARPM,car302750,,United AARP Medicare Complete/Medicare Advantage (HMO/LPPO) Medical | United Healthcare AARP Medicare | AARPM | united aarp medicare advantage | United Aarp Medicare Complete | UHC AARP Medicare | UnitedHealthcare AARP Medicare Complete | United Health Care AARP Medicare | United Healthcare AARP Medicare Advantage | united aarp medicare complete medicare advantage hmo lppo | AARP Medicare Complete | AARP Medicare Advantage
united-healthcare-dual-complete-medical,United Healthcare Dual Complete,medical,UNI20,car40923,,UHC Dual Complete | United Healthcare Medicare Dual Complete | DuoComplete | Duo Complete
united-healthcare-choice-medical,United Healthcare Choice,medical,UNI20,car40923,,UHC Choice
united-healthcare-all-savers,United Healthcare All Savers,medical,ALL 1,car284949,,All Savers
united-healthcare-golden-rule,United Healthcare Golden Rule,medical,GOL05,car40902,,United Healthcare Golden Rule (Medical) | GOL05 | united golden rule | Golden Rule | UHC Golden Rule | UnitedHealthcare Golden Rule | United Health Care Golden Rule
united-healthcare-individual-exchange,United Healthcare Individual Exchange,medical,UNI20,car40923,,United Healthcare Individual Exchange Network (Medical) | UNI20 | United Healthcare Individual Exchange Network | united individual exchange | UHC Individual Exchange | UnitedHealthcare Individual Exchange | United Health Care Individual Exchange
united-healthcare-nhp-hmo-access,United Healthcare NHP HMO Access,medical,UNI20,car40923,,United Healthcare - NHP HMO Access (Medical)
united-healthcare-nhp-hmo-only,United Healthcare NHP HMO Only,medical,UNI20,car40923,,United Healthcare - NHP HMO ONLY (Medical)
united-healthcare-oxford,United Healthcare Oxford,medical,OX04,car284471,,OX04 | united oxford | Oxford Health Plans | UHC Oxford | UnitedHealthcare Oxford | United Health Care Oxford
united-healthcare-shared-services,United Healthcare Shared Services,medical,UNIT9,car303047,,United Healthcare - Shared Services (Medical) | UNIT9 | united shared services
united-healthcare-student-resources,United Healthcare Student Resources,medical,UHC STU,car283950,,United Healthcare - Student Resources (Medical) | UHC STU | united student resources | UHC Student Resources
united-healthcare-surest,United Healthcare Surest,medical,BIND1,car301501,,United Healthcare - Surest Health Plans (formerly Bind) | BIND1 | united surest | Surest
united-healthcare-global,United Healthcare Global International Plan,medical,UNIT15,car284971,,United Healthcare Global (Medical) International Plan | UNIT15 | united global international plan | United Healthcare Global | United Healthcare Global Medical
wellcare-medicaid-medical,Wellcare Medicaid,medical,AMBE1,car281245,,Wellcare (Medicaid) Medical
wellcare-medicare-lppo,WellCare Medicare LPPO,medical,PREM1,car281317,,Wellcare Medicare LPPO (Medical) | WellCare Medicare
self-pay-medical,Self Pay,medical,SELF,car301672,yes,Selfpay | Cash | Cash Pay
envolve-vision-medical,Envolve Vision,medical,AMBE1,car281245,,Envolve
eye-care-health-solutions-medical,Eye Care Health Solutions,medical,ICA01,car40907,,Eye Care Health
aetna-medicare-ppo-vision,Aetna Medicare PPO Vision,routine_vision,ICA01,car40907,,Aetna Medicare PPO (Vision) effective 1/1/2026 | Aetna Medicare PPO
aetna-medicare-vision,Aetna Medicare HMO & PPO Vision,routine_vision,ICA01,car40907,,Aetna Medicare | Aetna Medicare HMO | Aetna Medicare HMO & PPO
aetna-better-health-medicaid-vision,Aetna Better Health Medicaid MMA Vision,routine_vision,ICA01,car40907,,Aetna Better Health | Aetna Better Health of Florida | Aetna Better Health Medicaid | Aetna Medicaid
aetna-healthy-kids-vision,Aetna Healthy Kids/Kid Care (CHIP) Vision,routine_vision,ICA01,car40907,,Aetna Healthy Kids | Aetna Healthy Kids Kid Care | Aetna Kid Care
ambetter-vision,Ambetter Vision,routine_vision,AMBE1,car281245,,Ambetter | Ambetter from Sunshine Health
avmed-entrust-vision,AvMed Entrust Vision,routine_vision,ICA01,car40907,,AvMed Entrust
careplus-medicare-vision,CarePlus Medicare Vision,routine_vision,PREM1,car281317,,CarePlus Medicare Routine Vision | CarePlus | Care Plus | CarePlus Medicare
childrens-medical-services-vision,Children's Medical Services Vision,routine_vision,AMBE1,car281245,,Children's Medical Services | Children's Medical
community-care-plan-vision,Community Care Plan Vision,routine_vision,ICA01,car40907,,Community Care Plan
devoted-medicare-hmo-vision,Devoted Medicare HMO Vision,routine_vision,PREM1,car281317,,Devoted Medicare HMO | Devoted | Devoted Health
devoted-medicare-ppo-vision,Devoted Medicare PPO Vision,routine_vision,PREM1,car281317,,Devoted Medicare PPO
doctors-health-medicare-vision,Doctors Health Medicare Vision,routine_vision,ICA01,car40907,,Doctors Health Medicare (Vision) EFFECTIVE 8/1/2023 | Doctors Health Medicare | Doctors Health | Doctors Healthcare | Doctors HealthCare Plans
florida-blue-medicare-vision,Florida Blue Medicare HMO & PPO Vision,routine_vision,PREM1,car281317,,Florida Blue Medicare | Florida Blue Medicare HMO | Florida Blue Medicare PPO | BCBS Medicare | BCBS Medicare HMO | Blue Cross Blue Shield Medicare HMO
freedom-health-medicare-vision,Freedom Health Medicare Vision,routine_vision,ICA01,car40907,,Freedom Health Medicare | Freedom Health | Freedom
healthsun-vision,HealthSun Vision,routine_vision,ICA01,car40907,,Healthsun Vision ONLY | HealthSun
humana-medicaid-vision,Humana Medicaid Vision,routine_vision,ICA01,car40907,,Humana Medicaid | Humana Healthy Horizons
humana-medicare-vision,Humana Medicare Vision,routine_vision,ICA01,car40907,,Humana Medicare | Humana Gold Plus | Humana Gold | Humana Medicare PPO
miami-childrens-health-plan-vision,Miami Children's Health Plan (Medicaid) Vision,routine_vision,ICA01,car40907,,Miami Children's Health Plan | Miami Children's | Miami Children
molina-medicaid-vision,Molina Medicaid Vision,routine_vision,ICA01,car40907,,Molina Medicaid | Molina Healthcare | Molina Healthcare Medicaid
optimum-healthplan-medicare-vision,Optimum Healthplan Medicare Vision,routine_vision,ICA01,car40907,,Optimum | Optimum Healthcare | Optimum Healthplan | Optimum Medicare
preferred-care-network-medica-vision,Medica Vision,routine_vision,ICA01,car40907,,Medica | Previously Medica Vision
seminole-tribe-vision,Seminole Tribe of Florida,routine_vision,SEMI1,car301427,,Seminole Tribe of Florida Self-Funded Health Plan | Seminole Tribe
simply-medicaid-vision,Simply Medicaid/Healthy Kids Vision,routine_vision,ICA01,car40907,,Simply Medicaid | Simply Healthy Kids | Simply Healthcare Medicaid | Simply Medcaid | Simply Healthcare | Simply
simply-medicare-vision,Simply Medicare Vision,routine_vision,ICA01,car40907,,Simply Medicare
solis-medicare-vision,Solis Medicare Vision,routine_vision,PREM1,car281317,,Solis Medicare | Solis
staywell-medicaid-vision,Staywell Medicaid Vision,routine_vision,AMBE1,car281245,,Staywell Medicaid | Staywell
sunshine-medicaid-vision,Sunshine Medicaid Vision,routine_vision,AMBE1,car281245,,Sunshine Medicaid | Sunshine | Sunshine Health
wellcare-medicaid-vision,Wellcare Medicaid Vision,routine_vision,AMBE1,car281245,,Wellcare Medicaid
wellcare-medicare-hmo-vision,WellCare Medicare HMO Vision,routine_vision,PREM1,car281317,,WellCare Medicare HMO | WellCare Medicare
vsp,VSP,routine_vision,,car280695,,Vision Service Plan
eyemed,EyeMed,routine_vision,,car280684,,Eye Med | Eye Med Vision | EyeMed Vision Care
nva,NVA,routine_vision,,car308794,,National Vision | National Vision Administrators
davis-vision,Davis Vision,routine_vision,,car280612,,Davis
spectera,Spectera,routine_vision,,car308790,,Spectera Vision
solstice,Solstice,routine_vision,,car301652,,Soltice | Solstice Vision
icare-routine-vision,iCare,routine_vision,ICA01,car40907,,Eye Care Health | Eye Care Solutions | Eye Care Health Solutions | iCare Health Options
guardian,Guardian,routine_vision,,car308792,,Guardian Vision
alivi,Alivi,routine_vision,,car308796,,Alivi Health
premier-eye-care,Premier Eye Care,routine_vision,PREM1,car281317,,
envolve-routine-vision,Envolve,routine_vision,AMBE1,car281245,,Envolve Vision
sunhealth-routine-vision,SunHealth,routine_vision,,car308791,,Sun Health | SunHealth Vision | SunHealth Discount Plan
oscar-routine-vision,Oscar,routine_vision,OSCA1,car284233,,Oscar Health
self-pay-routine-vision,Self Pay,routine_vision,SELF,car301672,yes,Selfpay | Cash | Cash Pay
metlife-vision,MetLife Vision,routine_vision,,car280695,,MetLife
liberty-financial-vision,Liberty Financial Vision,routine_vision,,car280695,,Liberty Financial
lincoln-financial-vision,Lincoln Financial Vision,routine_vision,,car280695,,Lincoln Financial | Lincoln Finacial
humana-vision-through-work,Humana Vision (through work),routine_vision,,car280684,,Humana Employer Vision | Humana PPO
aetna-vision-through-work,Aetna Vision (through work),routine_vision,,car280684,,Aetna Employer Vision | Aetna Commercial | Aetna Commercial HMO & PPO | Aetna PPO | Aetna HMO | Aetna EPO | Aetna Employer Plan | Aetna Managed Choice
unum-vision,Unum Vision,routine_vision,,car280684,,Unum
cigna-vision,Cigna Vision,routine_vision,,car280684,,Cigna Employer Vision | Cigna PPO | Cigna HMO | Cigna Open Access
cigna-florida-connect-epo-vision,Cigna Florida Connect EPO,routine_vision,,,,Cigna Florida Connect EPO (Exclusive Provider Organization) | Cigna Florida Connect
cigna-local-plus-non-par-vision,Cigna Local Plus,routine_vision,,,,
cigna-sure-fit-vision,Cigna Sure Fit,routine_vision,,,,Cigna SureFit
superior-vision,Superior Vision,routine_vision,,car280612,,Superior
florida-blue-vision-through-work,Florida Blue Vision (through work),routine_vision,,car280612,,Florida Blue Employer Vision | Florida Blue PPO | Florida Blue HMO | BCBS PPO | Blue Cross Blue Shield PPO | BCBS HMO | Blue Cross HMO | Blue Cross PPO | Blue Cross Blue Shield HMO
blueview-vision,BlueView Vision,routine_vision,,car280612,,BlueView | Blue View
versant-vision,Versant,routine_vision,,car280612,,Versant Health
unitedhealthcare-vision,UnitedHealthcare Vision,routine_vision,,car308790,,United Healthcare | UnitedHealthcare | United Health Care | United Healthcare Vision | United Vision | UHC Vision
amerihealth-vision,AmeriHealth,routine_vision,PREM1,car281317,,AmeriHealth Vision
