plan,Dr. Joseph Licht,requires,only_offices,notice,note
aetna-better-health,no,,,,
aetna-better-health-of-florida,no,,,,
aetna-commercial,yes,,,,
aetna-commercial-hmo,yes,,,,
aetna-commercial-ppo,yes,,,,
aetna-epo,no,,,,
aetna-epo-north-broward,no,,,,
aetna-epo-university-of-miami,no,,,,
aetna-healthy-kids,no,,,,
aetna-hmo,yes,,,,
aetna-managed-choice,yes,,,,
aetna-medicare,yes,,,,
aetna-medicare-hmo,yes,,,,
aetna-medicare-ppo,yes,,,,
aetna-medicare-signature-ppo,yes,,,,
aetna-ppo,yes,,,,
aetna-qhp-individual-exchange,yes,,,,
ambetter,no,,,,
ambetter-premier,no,,,,
ambetter-select,no,,,,
ambetter-value,no,,,,
avmed-entrust,pending,,,,
avmed-jackson-first-network-hmo,pending,,,,
avmed-medicare-advantage,no,,,,
avmed-select,pending,,,,
care-health-plus,pending,,,,
careplus-medicare-medical,yes,,,,
childrens-medical-services,pending,,,,
cigna-florida-connect-epo,pending,,,,
cigna-hmo,yes,,,,
cigna-local-plus,no,,,,
cigna-medicare-advantage,yes,,,,
cigna-medicare-advantage-ppo,yes,,,,
cigna-miami-dade-public-schools,no,,,,
cigna-open-access,yes,,,,
cigna-ppo,yes,,,,
cigna-sure-fit,pending,,,,
community-care-plan,no,,,,
devoted-medicare-hmo,yes,,,,
devoted-medicare-ppo,yes,,,,
doctors-health-medicare,no,,,,
envolve-vision,pending,,,,
eye-america-aao,no,,,,
eye-care-health-solutions,pending,,,,
florida-blue-hmo,no,,,,
florida-blue-medicare-hmo,yes,,,,
florida-blue-medicare-ppo,yes,,,,
florida-blue-ppo-federal-employee,yes,,,,
florida-blue-ppo-out-of-state,yes,,,,
florida-blue-select,no,,,,
florida-blue-steward-tier-1,no,,,,
florida-community-care,no,,,,
florida-complete-care,no,,,,
florida-medicaid,no,,,,
florida-medicare,yes,,,,
freedom-health-medicare,yes,,,,
humana-care-plus,no,,,,
humana-healthy-horizons,no,,,,
humana-hmo,no,,,,
humana-medicaid-hmo,no,,,,
humana-medicare,no,,,,
humana-medicare-hmo,no,,,,
humana-medicare-ppo,no,,,,
humana-ppo,no,,,,
humana-ppo-pos,no,,,,
humana-premier-hmo,no,,,,
icare,pending,,,,
imagine-health,yes,,,,
leon-health-plan,pending,,,,
medicaid-all-plans,no,,,,
meritain-health,yes,,,,
miami-childrens-health-plan,no,,,,
molina-marketplace,pending,,,,
molina-medicaid,no,,,,
molina-medicare,yes,,,,
multiplan-phcs,yes,,,,
optimum-healthcare,no,,,,
oscar-health,yes,,,,
partners-direct-health,pending,,,,
preferred-care-partners,pending,,,,
self-pay-medical,yes,,,,
seminole-tribe,pending,,,,
simply-medicaid,no,,,,
simply-medicare,yes,,,,
solis-medicare,yes,,,,
southbay-medical-center,pending,,,,
staywell-medicare,no,,,,
sunhealth,yes,,,,
sunshine-medicaid,no,,,,
tricare-for-life,yes,,,,
tricare-forever,yes,,,,
tricare-prime,yes,,,,
tricare-select,yes,,,,
umr,yes,,,,
united-healthcare-aarp-medicare,yes,,,,
united-healthcare-all-savers,yes,,,,
united-healthcare-choice,yes,,,,
united-healthcare-dual-complete,yes,,,,
united-healthcare-global,yes,,,,
united-healthcare-golden-rule,yes,,,,
united-healthcare-hmo,yes,,,,
united-healthcare-individual-exchange,yes,,,,
united-healthcare-nhp,yes,,,,
united-healthcare-nhp-hmo-access,yes,,,,
united-healthcare-nhp-hmo-only,yes,,,,
united-healthcare-oxford,yes,,,,
united-healthcare-shared-services,yes,,,,
united-healthcare-student-resources,yes,,,,
united-healthcare-surest,yes,,,,
us-health-group,pending,,,,
vivida,no,,,,
wellcare-medicaid,no,,,,
wellcare-medicare-lppo,yes,,,,
