plan,Dr. Austin Bach,Dr. Joseph Licht,Dr. Noel,Dr. Melissa Otero,requires,only_offices,notice,note
aetna-better-health,yes,yes,yes,,,,,
aetna-better-health-of-florida,yes,yes,yes,,,,,
aetna-commercial,yes,yes,yes,,,,,
aetna-commercial-hmo,yes,yes,yes,,,,,
aetna-commercial-ppo,yes,yes,yes,,,,,
aetna-epo,no,no,no,,,,,
aetna-epo-north-broward,no,no,no,,,,,
aetna-epo-university-of-miami,no,no,no,,,,,
aetna-healthy-kids,yes,yes,yes,,,,,
aetna-hmo,yes,yes,yes,,,,,
aetna-managed-choice,yes,yes,yes,,,,,
aetna-medicare,yes,yes,yes,,,,,
aetna-medicare-hmo,yes,yes,yes,,,,,
aetna-medicare-ppo,yes,yes,yes,,,,,
aetna-medicare-signature-ppo,yes,yes,yes,,,,,
aetna-ppo,yes,yes,yes,,,,,
aetna-qhp-individual-exchange,yes,yes,yes,,,,,
ambetter,yes,yes,yes,,,,,
ambetter-premier,yes,yes,yes,,,,,
ambetter-select,yes,yes,yes,,,,,
ambetter-value,yes,yes,yes,,,,,
avmed-entrust,yes,yes,no,,,,,
avmed-jackson-first-network-hmo,yes,yes,no,,,,,
avmed-medicare-advantage,no,no,no,,,,,
avmed-select,yes,yes,no,,,,,
care-health-plus,no,no,no,,,,,
careplus-medicare-medical,no,no,no,,,,,
childrens-medical-services,yes,yes,yes,,,,,
cigna-florida-connect-epo,pending,pending,pending,,,,,
cigna-hmo,yes,yes,yes,,,,,
cigna-local-plus,no,no,no,,,,,
cigna-medicare-advantage,yes,yes,no,,,,,
cigna-medicare-advantage-ppo,yes,yes,no,,,,,
cigna-miami-dade-public-schools,no,no,no,,,,,
cigna-open-access,yes,yes,yes,,,,,
cigna-ppo,yes,yes,yes,,,,,
cigna-sure-fit,pending,pending,pending,,,,,
community-care-plan,yes,yes,yes,,,,,
devoted-medicare-hmo,yes,yes,yes,,,,,
devoted-medicare-ppo,yes,yes,yes,,,,,
doctors-health-medicare,no,no,no,,,,,
envolve-vision,yes,yes,yes,,,,,
eye-america-aao,no,no,no,,,,,
eye-care-health-solutions,yes,yes,yes,,,,,
florida-blue-hmo,no,no,no,,,,,
florida-blue-medicare-hmo,yes,yes,yes,,,,,
florida-blue-medicare-ppo,yes,yes,yes,,,,,
florida-blue-ppo-federal-employee,yes,yes,yes,,,,,
florida-blue-ppo-out-of-state,yes,yes,yes,,,,,
florida-blue-select,no,no,no,,,,,
florida-blue-steward-tier-1,no,no,no,,,,,
florida-community-care,yes,yes,yes,,,,,
florida-complete-care,yes,yes,yes,,,,,
florida-medicaid,yes,yes,yes,,,,,
florida-medicare,yes,yes,yes,,,,,
freedom-health-medicare,yes,yes,yes,,,,,
humana-care-plus,no,no,no,,,,,
humana-healthy-horizons,yes,no,no,,,,,
humana-medicaid-hmo,yes,no,no,,,,"At Spring Hill, patients with this plan can only see Dr. Bach.",
humana-medicare,yes,no,no,,,,,
humana-medicare-hmo,no,no,no,,,,,
humana-medicare-ppo,yes,no,no,,,,,
humana-ppo,yes,no,no,,,,,
humana-ppo-pos,yes,no,no,,,,,
humana-premier-hmo,no,no,no,,,,,
icare,yes,yes,yes,,,,,
imagine-health,yes,yes,yes,,,,,
leon-health-plan,pending,pending,pending,,,,,
meritain-health,yes,no,no,,,,,
miami-childrens-health-plan,no,no,no,,,,,
molina-marketplace,no,no,no,,,,,
molina-medicaid,yes,yes,yes,,,,,
molina-medicare,yes,no,no,,,,,
multiplan-phcs,yes,yes,yes,,,,,
optimum-healthcare,no,no,no,,,,,
oscar-health,yes,yes,no,,,,,
partners-direct-health,pending,pending,pending,,,,,
preferred-care-partners,no,no,no,,,,,
self-pay-medical,yes,yes,yes,,,,,
seminole-tribe,pending,pending,pending,,,,,
simply-health,yes,yes,yes,,,,,
simply-medicaid,yes,yes,yes,,,,,
simply-medicare,yes,yes,yes,,,,,
solis-medicare,yes,yes,yes,,,,,
southbay-medical-center,pending,pending,pending,,,,,
staywell-medicare,yes,yes,yes,,,,,
sunhealth,yes,yes,yes,,,,,
sunshine-medicaid,yes,yes,yes,,,,,
tricare-for-life,yes,yes,no,,,,,
tricare-forever,yes,yes,no,,,,,
tricare-prime,yes,yes,no,,,,,
tricare-select,yes,yes,no,,,,,
umr,yes,yes,yes,,,,,
united-healthcare-aarp-medicare,yes,yes,yes,,,,,
united-healthcare-all-savers,yes,yes,yes,,,,,
united-healthcare-choice,yes,yes,yes,,,,,
united-healthcare-dual-complete,yes,yes,yes,,,,,
united-healthcare-global,yes,yes,yes,,,,,
united-healthcare-golden-rule,yes,yes,yes,,,,,
united-healthcare-hmo,yes,yes,yes,,,,,
united-healthcare-individual-exchange,yes,yes,no,,,,,
united-healthcare-nhp,yes,yes,yes,,,,,
united-healthcare-nhp-hmo-access,yes,yes,yes,,,,,
united-healthcare-nhp-hmo-only,yes,yes,yes,,,,,
united-healthcare-oxford,yes,yes,yes,,,,,
united-healthcare-shared-services,yes,yes,yes,,,,,
united-healthcare-student-resources,yes,yes,yes,,,,,
united-healthcare-surest,yes,yes,yes,,,,,
us-health-group,pending,pending,pending,,,,,
vivida,yes,yes,yes,,,,,
wellcare-medicaid,yes,yes,yes,,,,,
wellcare-medicare-lppo,yes,yes,yes,,,,,
aetna-medicare-ppo-vision,,,,yes,,,,
aetna-medicare-vision,,,,yes,,,,
aetna-better-health-medicaid-vision,,,,yes,,,,
aetna-healthy-kids-vision,,,,yes,,,,
ambetter-vision,,,,yes,,,,
avmed-entrust-vision,,,,yes,,,,
careplus-medicare-vision,,,,pending,,,CarePlus Medicare routine vision is pending for these providers.,
childrens-medical-services-vision,,,,yes,,,,
community-care-plan-vision,,,,yes,,,,
devoted-medicare-hmo-vision,,,,yes,,,,
devoted-medicare-ppo-vision,,,,yes,,,,
doctors-health-medicare-vision,,,,yes,,,,
florida-blue-medicare-vision,,,,yes,,,,
freedom-health-medicare-vision,,,,yes,,,,
healthsun-vision,,,,yes,,,,
humana-medicaid-vision,,,,yes,,,,
humana-medicare-vision,,,,yes,,,,
miami-childrens-health-plan-vision,,,,yes,,,,
molina-medicaid-vision,,,,yes,,,,
optimum-healthplan-medicare-vision,,,,yes,,,,
preferred-care-network-medica-vision,,,,yes,,,,
simply-medicaid-vision,,,,yes,,,,
simply-medicare-vision,,,,yes,,,,
solis-medicare-vision,,,,yes,,,,
staywell-medicaid-vision,,,,yes,,,,
sunshine-medicaid-vision,,,,yes,,,,
wellcare-medicaid-vision,,,,yes,,,,
wellcare-medicare-hmo-vision,,,,yes,,,,
vsp,,,,yes,,,,
eyemed,,,,yes,,,,
nva,,,,yes,,,,
davis-vision,,,,yes,,,,
spectera,,,,yes,,,,
solstice,,,,yes,,,,
icare-routine-vision,,,,yes,,,,
guardian,,,,yes,,,,
alivi,,,,yes,,,,
premier-eye-care,,,,yes,,,,
envolve-routine-vision,,,,yes,,,,
sunhealth-routine-vision,,,,yes,,,,
oscar-routine-vision,,,,yes,,,"For new patients with Oscar, Davis Vision coverage is automatic through age 18. For patients 19 and older, Davis Vision is included only if they selected Oscar's additional vision option. Without that option, the visit would be self-pay.",
self-pay-routine-vision,,,,yes,,,,
metlife-vision,,,,yes,,,,
liberty-financial-vision,,,,yes,,,,
lincoln-financial-vision,,,,yes,,,,
humana-vision-through-work,,,,yes,,,,
aetna-vision-through-work,,,,yes,,,,
unum-vision,,,,yes,,,,
cigna-vision,,,,yes,,,,
superior-vision,,,,yes,,,,
florida-blue-vision-through-work,,,,yes,,,,
blueview-vision,,,,yes,,,,
versant-vision,,,,yes,,,,
unitedhealthcare-vision,,,,yes,,,,
amerihealth-vision,,,,yes,,,,
